Date,AFG,AGO,ALB,ARE,ARG,ARM,AUS,AUT,AZE,BDI,BEL,BEN,BFA,BGD,BHR,BHS,BLR,BLZ,BOL,BRA,BRN,BTN,BWA,CAF,CAN,CHE,CHL,CHN,CIV,CMR,COD,COG,COL,COM,CPV,CRI,CUB,CZE,DEU,DJI,DNK,DOM,DZA,ECU,ERI,ESP,EST,ETH,FIN,FRA,FSM,GAB,GBR,GEO,GHA,GIN,GMB,GNB,GNQ,GRC,GTM,GUY,HND,HTI,HUN,IDN,IND,IRL,IRN,IRQ,ISR,ITA,JOR,JPN,KAZ,KEN,KGZ,KHM,KIR,KOR,KWT,LAO,LBN,LBR,LBY,LKA,LSO,MAR,MDA,MDG,MDV,MEX,MHL,MLI,MMR,MNG,MOZ,MRT,MUS,MWI,MYS,NAM,NER,NGA,NIC,NLD,NOR,NPL,NRU,NZL,OMN,OWID_WRL,PAK,PAN,PER,PHL,PNG,POL,PRK,PRT,PRY,QAT,ROU,RUS,RWA,SAU,SDN,SEN,SGP,SLE,SLV,SOM,SSD,STP,SUR,SVN,SWE,SWZ,SYC,SYR,TCD,TGO,THA,TJK,TKM,TON,TUN,TUR,TUV,TWN,TZA,UGA,UKR,USA,UZB,VEN,VNM,WSM,YEM,ZAF,ZMB,ZWE
1949,,,,,,,,,,,,,,,,,,,,,,,,,,,,1.0,,,,,,,,,,,,,,,,,,,,,,,,,,,,,,,,,,,,,,,,,,,,,,,,,,,,,,,,,,,,,,,,,,,,,,,,,,,,,,,,,,,,17.0,,,,,,,,,,,,,,,,,,,,,,,,,,,,,,,16.0,,,,,,,,,,,,,,,,,,,
1950,,,,,,,,,,,,,,29809.0,,,,,,,,,,,,,,,,,,,,,,,,,,,,,,,,,,,,,,,,,,,,,,,,,,,,,625.0,,,,,,,,,,,10.0,,,,,,,,,,,,,,,,,4212.0,,,,,,,,,,,,,,,,,34665.0,,,,,,,,,,,,,,,,,,,,,,,,,,,,,,,,,,,,,,,,,,,,,9.0,,,,,
1951,,,,,,,,,,,,,,20894.0,,,,,,,,,,,,,,,,,,,,,,,,,,,,,,,,,,,,,,,,,,,,,,,,,,,,,86787.0,,,,,,,,,,,57.0,,,,,,,,,,,,,,,,,6753.0,,,,,,,,,,,,,,,,,114518.0,,,,,,,,,,,,,,,,,,,,,,,,,,,,,,,1.0,,,,,,,,,,,,,,26.0,,,,,
1952,,,,,,,,,,,,,,21154.0,,,,,,,,,,,,,,,,,,,,,,,,,,,,,,,,,,,,,,,,,,,,,,,,,,,,,101493.0,,,,,,,,,,,24.0,,,,,,,,,,,,,,,,,347.0,,,,,,,,,,,,,,,,,123025.0,,,,,,,,,,,,,,,,,,,,,,,,,,,,,,,,,,,,,,,,,,,,,7.0,,,,,
1953,,,,,,,,,,,,,,27631.0,,,,,,,,,,,,,,,,,,,,,,,,,,,,,,,,,,,,,,,,,,,,,,,,,,,,,213225.0,,,,,,,,,,,11.0,,,,31.0,,,,,,,,,,,,,22.0,,,,,,,,,,,,,,,,,240927.0,,,,,,,,,,,,,,,,,0.0,,,,,,,,,,,,,,,,,,,,,,,,,,,,7.0,,,,,
1954,,,,,,,,,,,,,,15617.0,,,,,,,,,,,,,,,,,,,,,,,,,,,,,,,,,,,,,,,,,,,,,,,,,,,,,22146.0,,,,,,,,,,,2.0,,,,,,,,,,,,,,,,,35.0,,,,,,1.0,,,,,,,,,,,37804.0,,,,,,,,,,,,,,,,,,,,,,,,,,,,,,,,,,,,,,,,,,,,,3.0,,,,,
1955,,,,,,,,,,,,,,16642.0,,,,,,,1.0,,,,,,,,,,,,,,,,,,,,,,,,,,,,,,,,,,,,,,,,,,,,,,23533.0,,,,,,,,,,,,,,,,,,,,,,,,,,,,42.0,,,,,,,,,,,,,,,,,40218.0,,,,,,,,,,,,,,,,,,,,,,,,,,,,,,,,,,,,,,,,,,,,,,,,,,
1956,,,,,,,,,,,,,,23699.0,,,,,,,,,,,,,,,,,,,,,,,,,,,,,,,,,,,,,,,,,,,,,,,,,,,,,39829.0,,,,,,,,,,,1.0,,,,,,,,,,,,,,,,,13.0,,,,,,,,,,,,,,,,,63542.0,,,,,,,,,,,,,,,,,,,,,,,,,,,,,,,,,,,,,,,,,,,,,,,,,,
1957,,,,,,,,,,,,,,8054.0,,,,,,,,,,,,,,,,,,,,,,,,,,,,,,,,,,,,,,,,,,,,,,,,,,,,,54961.0,,,,,,,,,,,6.0,,,,,,,,,,,,,,,,,10.0,,,,,,,,,,,,,,,,,63031.0,,,,,,,,,,,,,,,,,,,,,,,,,,,,,,,,,,,,,,,,,,,,,,,,,,
1958,,,,,,,,,,,,,,15631.0,,,,,,,,,,,,,,,,,,,,,,,,,,,,,,,,,,,,,,,,,,,,,,,,,,,,,66849.0,,,,,,,,,,,3.0,,,,,,,,,,,,,,,,,7.0,,,,,,,,,,,,,2706.0,,,,95763.0,366.0,,,,,,,,,,,,,,,,,,,,,,,,,,,,,,10201.0,,,,,,,,,,,,,,,,,,,
1959,,,,,,,,,,,,,,16915.0,,,,,,,,,,,,,,,,,,,,,,,,,,,,,,,,,,,,,,,,,,,,,,,,,,,,,14852.0,,,,,,,,,,,,,,,,,,,,,,,,,,,,3.0,,,,,,,,,,,,,,,,,36138.0,,,,,,,,,,,,,,,,,,,,,,,,,,,,,,,4368.0,,,,,,,,,,,,,,,,,,,
1960,887.0,,,,,,,,,,,,,15618.0,,,,,,,,,,,,,,,,,,,,,,,,,,,,,,,,,,,,,,,,,,,,,,,,,,,,41.0,14621.0,,,,,,,,,,,,,,,,,,,,,,,,,,,,259.0,,,,,,,,,,,,,,,,,38130.0,6704.0,,,,,,,,,,,,,,,,,,,,,,,,,,,,,,,,,,,,,,,,,,,,,,,,,
1961,,,,,,,,,,,,,,2663.0,,,,,,,,,,,,,,,,,,,,,,,,,,,,,,,,,,,,,,,,,,,,,,,,,,,,1742.0,47637.0,,,,,,,,,,,,,,,,,,,,,,,,,,,,1.0,,,,,,,,,,,,,,,,,61966.0,,,,9923.0,,,,,,,,,,,,,,,,,,,,,,,,,,,,,,,,,,,,,,,,,,,,,,
1962,,,,,,,,,,,,,,2524.0,,,,,,,,,,,,,,384.0,,,,,,,,,,,,,,,,,,,,,,,,,,,,,,,,,,,,,,428.0,51082.0,,,,,,,,,,,,,,,,,,,,,,,,,,,,1.0,,,,,,,,,,,,,,,,,68727.0,,,,13015.0,1293.0,,,,,,,,,,,,,,,,,,,,,,,,,,,,,,,,,,,,,,,,,,,,,
1963,,,,,,,,,,,,,,3975.0,,,,,,,,,,,,,,1.0,,,,,,,,,,,,,,,,,,,,,,,,,,,,,,,,,,,,,,535.0,44839.0,,,,,,,16.0,,,,52.0,,415.0,,,,,,,,,,,,,,,3019.0,,,,,,349.0,,,,,,,,,,,59437.0,,,,3979.0,,,,,,,,,,,,,27.0,,,,,,,,,,,,,,2230.0,,,,,,,,,,,,,,,,,,,
1964,,,,,,,,,,,,,,3333.0,,,,,,,,,,,,,,,,,,,,,,,,,,,,,,,,,,,,,,,,,,,,,,,,,,,,326.0,53011.0,,,,,,,2.0,,,,187.0,,11.0,,,,,,,,,,,,,,,922.0,,,,,,512.0,,,,,,,,,,,95938.0,,,,16464.0,,,,,,,,,,,,,24.0,,,,,,,,,,,,,,960.0,,,,,,,,,,,,,,20186.0,,,,,
1965,218.0,,,,,,,,,,,,,1123.0,1.0,,,,,,198.0,,,,,,,,,,,,,,,,,,,,,,,,,,,,,,,,,,,,,,,,,,,,,,42677.0,,5037.0,,,,,,,,,,,,,,,,,,,,,,,,,,207.0,,,,,,16.0,,,,,,,727.0,,,,56609.0,21.0,,,4581.0,,,,,,,,,,,,,,,,,,,,,,,,,,,65.0,,,,,,,,,,,,,,1738.0,,,,,
1966,,,,,,,,,,,,,,3154.0,,,,,,,,,,,,,,,,,,,,,,,,,,,,,,,,,,,,,,,,,,,,,,,,,,,,204.0,13052.0,,162.0,227.0,,,,,,,,62.0,,,,,,,,,,,,,,,,,263.0,,,,,,5.0,,,,,,,2.0,,,,31146.0,,,,5261.0,,,,,,,,,,,,,,,,,,,,,,,,,,,401.0,,,,,,,,,,,,,,8353.0,,,,,
1967,,,,,,,,,,,,,,664.0,,,,,,,,,,,,,,1.0,,,,,,,,,,,,,,,,,,,,,,,,,,,,,,,,,,,,,,700.0,13708.0,,221.0,,,,,,,,,4.0,,,,,,,,,,,,,,,,,9.0,,,,,,,,,,,,,,,,,24748.0,,,,1629.0,,,,,,,,,,,,,,,,,,,,,,,,,,,148.0,,,,,,,,,,,,,,7664.0,,,,,
1968,,,,,,,,,,,,,,3156.0,,,,,,,,,,,,,,,,,,,,,,,,,,,,,,,,,,,,,,,,,,,,,,,,,,,,135.0,22587.0,,,,,,,,,,,8.0,,,,,,,,,,,,,,,,,3.0,,,,,,15.0,,,,,,,34.0,,,,34164.0,3932.0,,,2787.0,,,,,,,,,,,,,6.0,,,,,,,,,,,,,,404.0,,,,,,,,,,,,,,1097.0,,,,,
1969,,,,,,,,,,,,,,7411.0,,,,,,,,,,,,,,,,,,,,,,,,,,,,,,,,,,,,,,,,,,,,,,,,,,,,627.0,19280.0,,557.0,,,,,8.0,,,,,,1538.0,,448.0,,,,,,,,,,,,,205.0,,,,,,70.0,,,,,,,226.0,,,,36173.0,717.0,,,1541.0,,,,,,,,,,,,,11.0,,,,,,,,,,,,,,961.0,,,,,,,,,,,,,,2573.0,,,,,
1970,,,,,,,,,,,,175.0,1.0,7419.0,,,,,,,24.0,,,,,,,,868.0,,,,,,,,,4.0,,6.0,,,,,,,,850.0,,1.0,,,1.0,,2733.0,2000.0,,,,,,,,,,5997.0,15067.0,,19663.0,,185.0,,3.0,5.0,,,,,,475.0,4.0,,54.0,168.0,1151.0,,,,,,,,,2665.0,911.0,,,,,,106.0,,16.0,15.0,,,,391.0,,,,63994.0,2.0,,,1095.0,,,,,,,,720.0,,266.0,,,,293.0,,43.0,,,,,,,,49.0,,75.0,,,,,27.0,384.0,,,,,,,,,82.0,,,,,
1971,,1.0,,,,,,,,,,2133.0,1761.0,2342.0,,,,,,,,,,,,,,,668.0,2167.0,,,,,,,,,1.0,440.0,,,1332.0,,,22.0,,2187.0,,3.0,,,3.0,,13048.0,,,,,,,,,,,23555.0,71386.0,,344.0,,1.0,,,,,239.0,,,,,,,,606.0,,,,56.0,,2.0,,,,4792.0,378.0,,,1139.0,,,53.0,,9265.0,22931.0,,,,4.0,,,9.0,176058.0,1185.0,,,3585.0,,,,64.0,,,,,,,,265.0,,211.0,,89.0,,,,,4.0,,,5.0,8230.0,335.0,,,,,,,,,,757.0,,,,,270.0,,190.0,,,
1972,,268.0,,2.0,,,40.0,,,,,250.0,1.0,1059.0,74.0,,,,,,,,,,,,,,,362.0,,,,,,,,,2.0,8.0,,,646.0,,,,,,,,,,2.0,,625.0,,,,,,,,,,,44383.0,20435.0,,322.0,,11.0,,,,,51.0,,,,,,,,947.0,,,,7.0,,,,,,2.0,180.0,,,148.0,,,864.0,,51.0,1363.0,,,,1.0,,3.0,,80248.0,,,,5601.0,,,,,,,,,,303.0,,379.0,114.0,,,,,,,,,,,505.0,9.0,16.0,,,,,4.0,,,,,,,,,,146.0,,1064.0,,,
1973,,263.0,,,,,,,,,,3.0,1118.0,1969.0,37.0,,,,,,,,,,,,,,,206.0,,,,,,,,,6.0,,,,605.0,,,,,,,4.0,,,5.0,,677.0,,,,,,,,,,,52042.0,41611.0,,55.0,,,278.0,,,,,,159.0,,,,,,1336.0,,118.0,,,,,,,,219.0,386.0,,453.0,150.0,,371.0,369.0,,121.0,157.0,,,,7.0,,,,108788.0,,,,2840.0,,,,,,,,,,,,,1.0,,,,,,,,10.0,,,,,,844.0,,,,656.0,,,,,,,,,,1495.0,,215.0,1.0,,1.0
1974,,934.0,,,,,,,,,,73.0,632.0,5614.0,,,,,,,,,,,,,,,,83.0,,,,,303.0,,,,3.0,,,,738.0,,,5.0,,,,5.0,,,3.0,,483.0,,,,,,,,,,,41474.0,30903.0,,304.0,,,,,,,402.0,,145.0,,,,,,512.0,,4559.0,,,,,,,,130.0,2363.0,,1018.0,,,,349.0,,286.0,,,,,8.0,,,,97635.0,,,,1730.0,,,,2467.0,,,,,,,,,8.0,,,,,,,,1.0,,,,338.0,58.0,1475.0,,,,,,,,10.0,,,,,,139.0,,6.0,37.0,,37.0
1975,,88.0,,,,,,,,,,45.0,3.0,4888.0,,,,,,,,,,,,,,,,3.0,,,,2675.0,20.0,,,,1.0,,,,1165.0,,,11.0,,,,9.0,,,1.0,,187.0,,,,,,,,,,,48387.0,22049.0,,2966.0,,,1.0,,3.0,,1093.0,,66.0,,,3.0,,,704.0,,1453.0,,,,,,,,,2942.0,,11.0,,,,110.0,,,38.0,,,,260.0,,,,93055.0,,,,680.0,,,,1066.0,,,,,,91.0,,,10.0,,,,,,,,,,,67.0,,,1335.0,,,,,,,,,3.0,,,,,5.0,,1.0,,,615.0
1976,,,,,,,,,,,,146.0,,957.0,,,,,,,,,,,,,,,,135.0,,,,5.0,219.0,,,,2.0,2.0,,,286.0,,,2.0,,,,5.0,,,1.0,,102.0,,,,,,,,,,,41264.0,14946.0,,2100.0,,,,152.0,6.0,,1359.0,,,,,2.0,,,646.0,,728.0,,2.0,,,,,,,1519.0,,3.0,,,19.0,246.0,,,112.0,,1.0,,185.0,,,,68619.0,144.0,,,1258.0,,,,,,,,1.0,,50.0,,,,,,,,,,,1.0,,,795.0,,,6.0,,,,,,,,,,,,,,1068.0,,,,,144.0
1977,,726.0,,,,,2.0,,,,,2.0,,10403.0,,,,,,,,,,,,1.0,,,,,,,,,,,,,1.0,2.0,,,262.0,,,,,,,,,,2.0,,6565.0,,,,,,,,,,,17112.0,8376.0,,10836.0,133.0,,2.0,427.0,52.0,,21.0,,,1307.0,,13.0,,30.0,512.0,,5.0,,,,,,,,,,,18.0,,,577.0,444.0,,,376.0,,1.0,,428.0,,,,63276.0,12.0,,,1363.0,,,,,,,,1.0,,18.0,,,11.0,12.0,,,,,,,,,,2362.0,,132.0,383.0,,,,,17.0,,,297.0,,,,,,32.0,,,,,
1978,,,,,,,1.0,,,8297.0,,27.0,1.0,5576.0,906.0,,,,,,,,,,,1.0,,,,3.0,3481.0,51.0,,,,,,,,3.0,,,220.0,,,,,,,,,,,,1853.0,,,,,,,,,,,10683.0,10585.0,,264.0,96.0,,,,34.0,,673.0,,,494.0,,1.0,,,422.0,,48.0,,,,,11336.0,,,,3551.0,,,,,263.0,1635.0,,,197.0,,4.0,,1662.0,38.0,,,77678.0,,,,1408.0,,,,,,,,,838.0,30.0,,315.0,83.0,,,,,,,,,2.0,,,,6.0,4183.0,,,,,,,,6608.0,1120.0,,,,,2.0,,414.0,,263.0,
1979,,,,,,,1.0,,,915.0,,,,2154.0,39.0,,,,,,,,,,,,,85.0,3.0,16.0,5515.0,5.0,,,,,,,,,,,2513.0,,,267.0,,,,8.0,,5.0,,,1783.0,,,,,,,,,,,18817.0,5073.0,,1856.0,,,8.0,141.0,11.0,,1070.0,,,,,3.0,,,438.0,,46.0,,,,,,,,,874.0,,4564.0,,,,502.0,,,293.0,,5.0,,22.0,50.0,,,57645.0,,,,1268.0,,,,,,,,,5.0,23.0,845.0,103.0,10.0,,,,,,,,1.0,,,689.0,,,1788.0,,,,,,,,2559.0,940.0,,,,,365.0,,1953.0,2.0,12.0,
1980,,,,,,,2.0,,,2039.0,1.0,3.0,,,,,,,,,,,,,,,,88.0,,229.0,1051.0,,,,,,,,4.0,,,,614.0,,,4.0,,,,1.0,,,6.0,,260.0,,,,,,,,,,,5541.0,8344.0,,1599.0,,,,,23.0,,2808.0,,,,145.0,,,,2690.0,,104.0,,,,,,,,,1018.0,,1212.0,,,,97.0,,,138.0,,,,1.0,,,,42776.0,,,,836.0,,,170.0,,,,,,30.0,2.0,17.0,,18.0,,,,,,,,,,,,,,4331.0,,,,,,,,5196.0,1539.0,,,,,978.0,1.0,720.0,859.0,57.0,
1981,,,,,,,2.0,,,582.0,,2.0,,,,,,,,,,,,,,2.0,,,,243.0,2379.0,,,,,,,,4.0,,,,,,,,,,1.0,20.0,,7.0,12.0,,943.0,,,,,,,,,,,18354.0,4681.0,,6034.0,,,,870.0,19.0,,2424.0,,,,,8.0,,,1582.0,,574.0,,,,,,,,,28.0,,1753.0,,,261.0,469.0,,7.0,107.0,,2.0,,24.0,,,,51631.0,4.0,,,864.0,,1.0,,,,,,,24.0,13.0,,428.0,34.0,,,,,,,,,238.0,,,,,39.0,,,,,,,,4241.0,,,,,,157.0,,,4180.0,14.0,
1982,,,,,,,1.0,,,415.0,,3.0,,,,,,,,,6.0,,,,,,,,34.0,5.0,10328.0,,,,,,,,1.0,,,,,,,2.0,,0.0,,18.0,,,1.0,,11051.0,,,,,,,,,,,10391.0,4656.0,,427.0,,1.0,,,16.0,,3498.0,,,,,,,,670.0,,309.0,,,,,,,,,,,2301.0,,,,516.0,,,248.0,,,,,,,,64925.0,,,,930.0,,,,,,,,,201.0,,,,31.0,,,,,,,,,538.0,,,,,638.0,,,,,,,,4071.0,190.0,,,,,57.0,,,11968.0,1403.0,
1983,,,,,,,4.0,,,512.0,1.0,1.0,,,,,,,,,,,,,,,,,,55.0,2977.0,,,,,,,,,,,,218.0,,,2.0,,,,3.0,,,4.0,,14160.0,,,,,,,,,,,13832.0,8542.0,,270.0,,,,,35.0,,1049.0,,,,,,,,183.0,,86.0,,,,,,,,,989.0,,10745.0,,,487.0,2195.0,,,178.0,,2.0,,,,,,65251.0,,,,,,,,,,,,,54.0,,,,14.0,,,,,,,,,,,,,,1497.0,,,,,,,,1816.0,,,,,,392.0,,,4715.0,233.0,
1984,,,,,,,1.0,,,180.0,1.0,1.0,2191.0,,,,,,,,,,,,,,,,,392.0,162.0,,,,,,,,,,,,45.0,,,4.0,,,,1.0,,,5.0,,1015.0,,,,404.0,,,,,,,7921.0,2527.0,,531.0,,,,,55.0,,14.0,,,,,,,,492.0,,,,,,,,,,1795.0,,,521.0,166.0,,,67.0,,3788.0,1667.0,,,,,,,,29324.0,,,,,,,,,,,,,161.0,,,728.0,40.0,,,,,,,,,,,,,,645.0,,,,,,,,2600.0,,,,,,22.0,,,1182.0,,
1985,,,,,,,2.0,,,259.0,1.0,,1149.0,,,,,,,,,,,,,1.0,,,,1158.0,740.0,,,,,,,,,115.0,,,,,,,,,,,,,4.0,,60.0,,2.0,,108.0,,,,,,,4732.0,5808.0,,1208.0,,,,,36.0,,1352.0,,,,,113.0,,,355.0,,,,,,,,,,3759.0,,,3.0,259.0,,,52.0,,,30.0,,,,,,,,45279.0,,,,10.0,,,,,,,,,21.0,,4457.0,2988.0,27.0,,,10199.0,,,,,,,,,,,899.0,,,,,,,,1984.0,,,,,,502.0,,,2742.0,,144.0
1986,,,,,,,,,,,,243.0,,,,,,,,,,,,,,,,,,165.0,1059.0,,,,,,,,2.0,,,,,,,,,,,37.0,,,11.0,,,286.0,,200.0,,1.0,,,,,,11915.0,4208.0,,20.0,,,,,26.0,,839.0,,,,,38.0,,,59.0,,,,,,,,,,1916.0,,,1.0,3734.0,,,55.0,,,91.0,,,,,,,,52738.0,,,,,,,,,,,,,226.0,74.0,,476.0,27.0,8957.0,,15980.0,,,,,1.0,,,,,,213.0,,,,,,,,1231.0,,,,,,525.0,,,120.0,,2.0
1987,,16222.0,,,,,1.0,,,,,,,523.0,,,,,,,,,,,,,,4.0,,94.0,1150.0,,,,,,,,,,,,1507.0,,,2.0,,,,7.0,,,2.0,,,,,6000.0,,,,,,,,659.0,11934.0,,295.0,,2.0,,,34.0,,255.0,,474.0,,,,,,33.0,,,,,,,,,,352.0,,,,1578.0,,,1168.0,,,1290.0,,,1.0,,,2.0,,56105.0,,,,,,,,,,,,,101.0,,,3150.0,63.0,557.0,,,,,,,1.0,,,,,,6353.0,,,,,,,,1892.0,140.0,,6.0,,,216.0,,,37.0,,
1988,,15500.0,,,,,1.0,,,,,,,571.0,,,,,,,,,,,,1.0,,7267.0,,4.0,295.0,,,,,,,,2.0,,,,699.0,,,,,,,,,,10.0,,,,,,,,,,,,,50.0,17162.0,,486.0,,1.0,,,33.0,,,,56.0,,,,,,68.0,,154.0,,,,,,,,,,,,575.0,,6.0,1324.0,,,137.0,,1.0,,,,,,53920.0,,,,,,,,,,,,,70.0,,,390.0,19.0,,,,,,,,,,,,,1.0,3418.0,,,,,,,,5267.0,,,9.0,,,343.0,,,,,
1989,,17601.0,,,,,,,,,,,,94.0,,,,,,,,,,,1.0,,,5628.0,,4.0,99.0,,,,,,,,1.0,,,,393.0,,,3.0,,,,1.0,,,1.0,,,,,,,,,,,,,67.0,5640.0,,5222.0,,,,,95.0,,918.0,,47.0,,,133.0,,,28.0,,,,,,,,,,,597.0,,371.0,700.0,,8351.0,393.0,,166.0,1078.0,,,1.0,141.0,,,,54104.0,,,,,,,,,,,,,1.0,,,,39.0,,,,,3953.0,,,,,,,,,,,,,,,,,2150.0,,,,,,143.0,,,,44.0,
1990,,9527.0,,,,,,2.0,,82.0,,,,82.0,,,,,,,,,,,,,,644.0,,16.0,468.0,,,,,,,,1.0,,1.0,,1299.0,,,11.0,,,,6.0,34.0,,6.0,,2937.0,,,,,,,,,,,155.0,3583.0,,178.0,,,,2.0,73.0,,,,5.0,,,,,,,,,,4573.0,,,,,,,,,4152.0,,,13457.0,2071.0,,,,,3.0,,23888.0,,5.0,,74764.0,,,,,,,,,,,270.0,49.0,,,,,26.0,,,,,804.0,,,,,,,,,,,,,,,42.0,,2230.0,,,7.0,,,358.0,,,,3717.0,
1991,,8590.0,,,,,,,,3.0,,7474.0,537.0,8.0,,,,,206.0,2103.0,,422.0,,,2.0,,41.0,210.0,604.0,4026.0,4066.0,,11979.0,,,,,,,,,,,46320.0,,1.0,,,,7.0,,,8.0,,13172.0,,,,,,3674.0,,17.0,,,6202.0,6993.0,,1892.0,877.0,,,,90.0,,,,770.0,,113.0,,,,132.0,,70.0,,,,,,2690.0,,,924.0,,7847.0,,,8088.0,506.0,,3238.0,59478.0,1.0,,,30648.0,,,,595334.0,,1178.0,322562.0,,,,,,,,226.0,78.0,679.0,,,,34.0,,947.0,,,3.0,,,,,,,13915.0,2396.0,,,,,,,,,5676.0,279.0,75.0,26.0,,15.0,52.0,,,10.0,13154.0,
1992,,3608.0,,,,,3.0,,,479.0,1.0,413.0,,479.0,,,,159.0,22260.0,30317.0,,494.0,,,5.0,1.0,73.0,583.0,37.0,1268.0,1949.0,,15129.0,,,12.0,,,1.0,,,,69.0,31870.0,,,,,,,,,5.0,,228.0,,,,,,15395.0,576.0,407.0,,,25.0,6911.0,,97.0,97.0,,,,46.0,,3388.0,,1229.0,,6.0,,,,,,121.0,,,,,,8162.0,,,826.0,,30802.0,,,298.0,474.0,,,8687.0,3067.0,,,798.0,,,,492964.0,,2416.0,242237.0,345.0,,,,,,,3.0,6.0,503.0,,,,17.0,,8717.0,,,,12.0,,1.0,2281.0,,,,753.0,,,,,,,293.0,,18526.0,5072.0,,103.0,,2842.0,4260.0,,4.0,11.0,11659.0,2048.0
1993,37046.0,,,,2350.0,,5.0,1.0,,78.0,1.0,10.0,,78.0,,,,135.0,10134.0,59212.0,,,,,6.0,2.0,32.0,11673.0,724.0,648.0,986.0,,230.0,,,14.0,,,1.0,10055.0,2.0,,,6833.0,,3.0,2.0,,,5.0,,,13.0,8.0,1448.0,,,,,1.0,30604.0,66.0,4013.0,,,3564.0,12084.0,,1347.0,280.0,,,,89.0,74.0,,,2252.0,,5.0,1.0,5521.0,344.0,,,1.0,,,1.0,,,10712.0,,,1758.0,,19803.0,,,25193.0,995.0,,,4160.0,6631.0,3.0,,31.0,,,,380714.0,12092.0,42.0,72404.0,708.0,,,,,3.0,,15.0,23.0,568.0,,,,24.0,,6573.0,,,,,,,,,,,19.0,,165.0,,,,,,,792.0,,,19.0,,409.0,3361.0,,,78.0,6766.0,5385.0
1994,38735.0,3443.0,626.0,,889.0,,3.0,1.0,18.0,562.0,1.0,187.0,,562.0,,,3.0,6.0,2710.0,49455.0,,,,,2.0,,1.0,34877.0,1108.0,527.0,58057.0,,996.0,,128.0,38.0,,,5.0,1122.0,2.0,,118.0,1785.0,,1.0,,,2.0,4.0,,,18.0,,2267.0,31415.0,1.0,15296.0,,,5282.0,,5049.0,,,47.0,4973.0,,15.0,838.0,,12.0,,91.0,3.0,880.0,4.0,3085.0,,34.0,,9660.0,3.0,764.0,,,,6.0,8.0,,,4059.0,,,421.0,,692.0,,,107.0,534.0,,732.0,2859.0,7821.0,1.0,,32.0,,2.0,,385406.0,,,23887.0,3340.0,,1.0,,1.0,,,80.0,1048.0,10.0,,,,41.0,9709.0,11745.0,28334.0,,,,,1.0,,,,1094.0,47.0,3487.0,10.0,1.0,,,,,,2240.0,704.0,813.0,47.0,1.0,,5776.0,,,4.0,,
1995,19903.0,3295.0,,,188.0,,5.0,,,2297.0,,203.0,1451.0,2297.0,,,3.0,19.0,2293.0,15915.0,,25.0,,,7.0,2.0,,10337.0,4993.0,615.0,553.0,,1922.0,,12913.0,24.0,,,1.0,,3.0,,,2160.0,,6.0,,,1.0,6.0,,,10.0,,4698.0,6506.0,15.0,119.0,,,7970.0,,4717.0,,,,3315.0,,2177.0,820.0,,1.0,,321.0,16.0,1547.0,,4190.0,,74.0,,1365.0,,3420.0,22.0,,,,240.0,,,16430.0,,2191.0,1296.0,,,,,1.0,2209.0,,264.0,1059.0,8825.0,9.0,1.0,157.0,,2.0,,214802.0,,,22397.0,847.0,,,,1.0,,,118.0,9.0,3.0,,,3332.0,14.0,10285.0,2923.0,9255.0,,,,,2.0,,,,,65.0,,,,,,,,,2957.0,538.0,525.0,19.0,,,6088.0,,,,,
1996,,1306.0,,,474.0,,2.0,1.0,,418.0,,6190.0,425.0,418.0,,,,26.0,2847.0,5522.0,,,,,2.0,,1.0,316.0,1345.0,5796.0,7886.0,,4428.0,,428.0,19.0,,,,,,,,1059.0,,1.0,,,,8.0,1.0,,13.0,,1665.0,287.0,7.0,8397.0,,,1568.0,,708.0,,,66.0,4396.0,,,1.0,,,,39.0,,482.0,,740.0,,,,720.0,,8922.0,,,,,,0.0,,1088.0,,5723.0,,177.0,0.0,4534.0,,1.0,1486.0,,3957.0,12374.0,2813.0,3.0,,274.0,,,,144727.0,,,4518.0,1402.0,,,7.0,,4.0,,,4.0,106.0,,,16107.0,19.0,,182.0,10274.0,,,,,1.0,2.0,,,7830.0,146.0,,,,,,,,,1464.0,291.0,,3.0,,269.0,566.0,,,,2172.0,
1997,4170.0,,,,637.0,,2.0,,,1959.0,,796.0,,1959.0,,,,2.0,1632.0,2881.0,,,,443.0,,,4.0,1177.0,,1709.0,2421.0,275.0,1508.0,,,1.0,,,2.0,2424.0,,,,65.0,,,,,,3.0,,,6.0,,379.0,,,20555.0,,,1263.0,,100.0,,1.0,66.0,2768.0,,1106.0,,,,,89.0,4.0,17200.0,,155.0,,10.0,1.0,,,91.0,,430.0,,,,,,2356.0,,6.0,,,8739.0,462.0,,130.0,389.0,,259.0,1322.0,1283.0,2.0,,245.0,,,,149416.0,,,3483.0,605.0,,,,,,,,11.0,274.0,,,371.0,19.0,,,6814.0,,,,,,,,,8801.0,42.0,,,55.0,,,,,,40249.0,2610.0,,4.0,,2551.0,4.0,,,,36.0,
1998,10000.0,,,,12.0,25.0,5.0,1.0,,1067.0,,206.0,1036.0,1067.0,,,,28.0,466.0,2571.0,,19.0,,22.0,2.0,2.0,24.0,4642.0,,4603.0,34899.0,3222.0,442.0,7300.0,133.0,,,,5.0,164.0,,,,3724.0,,,,,1.0,2.0,,,18.0,,3426.0,881.0,,126.0,,,5970.0,,306.0,,,,7151.0,,270.0,53.0,,2.0,,60.0,,22432.0,,1197.0,,,,,,2123.0,,1536.0,,,,,,71.0,,,,,42672.0,,,1745.0,1304.0,,,3464.0,1437.0,4.0,2.0,1745.0,,1.0,,298764.0,,,41717.0,729.0,,,,,,,,10.0,3220.0,,,,31.0,2096.0,8.0,4417.0,,,,,,7.0,,,4095.0,3217.0,,,,,,,,,14488.0,49514.0,,17.0,,313.0,13.0,,,20.0,171.0,995.0
1999,24639.0,,,,,,4.0,1.0,,3440.0,,855.0,93.0,3440.0,,,,12.0,,4495.0,93.0,,,,,,,4589.0,,1584.0,12711.0,4813.0,42.0,1180.0,,,,,3.0,,,,,90.0,,,,,,,,,,,9432.0,599.0,,,,,2077.0,,56.0,,,,3839.0,,1369.0,1985.0,,,,40.0,,11039.0,,1711.0,,,,,,215.0,,108.0,,,,9973.0,,,,6.0,,,44329.0,,,26508.0,535.0,,1186.0,26358.0,552.0,2.0,,,,1.0,,263085.0,,,1546.0,330.0,,,,,,,,8.0,327.0,,0.0,,11.0,863.0,134.0,17757.0,,,,,,7.0,,,217.0,667.0,,,,,,,,,12266.0,5179.0,2.0,6.0,,376.0,169.0,,,68.0,13511.0,5637.0
2000,4330.0,,,,,,1.0,,,1021.0,,468.0,617.0,1021.0,,,,,,715.0,,,,,5.0,,,1846.0,,123.0,14995.0,9.0,,3297.0,,,,,2.0,1828.0,,,,27.0,,,,,,5.0,3452.0,,33.0,,3331.0,519.0,,,,,612.0,,8.0,,,,4053.0,,345.0,532.0,,,,34.0,,1157.0,,,,,,,,365.0,,2.0,,,,29305.0,,5.0,300.0,1885.0,,,17649.0,,,2391.0,124.0,,225.0,2799.0,12.0,1.0,,,,,,143944.0,,,934.0,275.0,,,,,,,,,1235.0,,,,10.0,,631.0,7496.0,,,,,,141.0,,,,338.0,,,,,,,,,4637.0,2807.0,,4.0,,141.0,,,,19667.0,4504.0,1675.0
2001,4499.0,,,,,,2.0,0.0,,1003.0,,3943.0,477.0,,,,,,,7.0,,,,,6.0,,,140.0,5912.0,259.0,5728.0,,,226.0,,,,,1.0,,,,,9.0,,1.0,,,,2.0,14.0,,,,5487.0,392.0,,,,,13.0,,1.0,,,561.0,4081.0,1.0,105.0,560.0,,,,11.0,1.0,1001.0,,,,138.0,,,,1062.0,,,,,,7219.0,,1.0,,67.0,,,8794.0,,,2395.0,557.0,,81.0,2312.0,,,,,,1.0,7.0,186112.0,,,494.0,174.0,,,,,,,,53.0,157.0,,,,8.0,,,2567.0,,,,,,5612.0,,,5244.0,2551.0,,,561.0,145.0,,,,,1300.0,247.0,,4.0,,,,,,106159.0,3109.0,650.0
2002,3.0,,,3.0,,,5.0,1.0,,577.0,,270.0,,,,,,,,,,,,,4.0,,,,4188.0,66.0,31658.0,,,1567.0,,,,2.0,1.0,,,,,,,1.0,,,,1.0,,6.0,,,3614.0,61.0,,842.0,,,1.0,,,,,,3455.0,,118.0,718.0,,,,27.0,,291.0,,,,,,,,1115.0,,9.0,,,,27.0,,,,18.0,,,24375.0,80.0,,32618.0,,,236.0,5429.0,,1.0,,,,,1.0,142306.0,,,16.0,,,,,,,1.0,,,,38.0,,,2.0,,,2775.0,,,,,,134.0,,,,257.0,,,30.0,,,,,,11920.0,2274.0,,2.0,,,,,,10004.0,339.0,3125.0
2003,41.0,,,,,,,,,432.0,,434.0,1.0,,,,,,,,,,,,5.0,,,223.0,1034.0,207.0,27272.0,,,56.0,,,,,1.0,,,,,25.0,,,,,,,,629.0,9.0,,204.0,6.0,,290.0,,,1.0,,,,,,2893.0,,96.0,187.0,,,,16.0,,,,,,,,,,34740.0,,,,,,5.0,,,,1455.0,,,13758.0,34.0,,2736.0,,,292.0,1933.0,,1.0,,,,,,111569.0,,,,,,,,,,,,,12.0,,,,1.0,,,11020.0,,,,,1.0,32.0,,,55.0,384.0,,,,,,,,,710.0,4377.0,,2.0,,,,,,3901.0,1049.0,1009.0
2004,,,,,,,2.0,,,819.0,1.0,642.0,,,,,,,,21.0,,,,320.0,3.0,,,244.0,105.0,8005.0,7665.0,,2.0,1.0,,,,,3.0,,1.0,,,5.0,,,,16.0,,,,,13.0,,407.0,1516.0,,155.0,59.0,,,,,,,,4695.0,,94.0,35.0,,,,66.0,,870.0,,57.0,,10.0,,,,2786.0,,,,,,,,,,2839.0,,,20080.0,,,675.0,16.0,,2178.0,3186.0,,1.0,,,,,,101381.0,,,,533.0,,,,,,1.0,,1.0,586.0,,,1227.0,11.0,513.0,,4490.0,,,,,1.0,1075.0,,,5531.0,1080.0,,,,,,,,,10319.0,3380.0,,5.0,,,,,,2767.0,12149.0,119.0
2005,33.0,0.0,,,,,2.0,1.0,,1309.0,2.0,749.0,1050.0,,,,,,,5.0,,,0.0,0.0,7.0,,,980.0,39.0,2847.0,13430.0,0.0,,0.0,0.0,,,,,,,,0.0,,0.0,,,0.0,1.0,,0.0,0.0,,,3166.0,3821.0,214.0,25111.0,6391.0,,,,,,,1338.0,3155.0,,1133.0,,,,,43.0,,816.0,,,,,,,1.0,3823.0,,,0.0,,,0.0,,,,1178.0,,0.0,2226.0,4132.0,0.0,1105.0,,0.0,553.0,4477.0,,4.0,1.0,,,1.0,,131879.0,,,,139.0,0.0,1.0,,,,2.0,,,89.0,,,31719.0,,6.0,,,,1966.0,,,,0.0,0.0,,90.0,1320.0,,,,,,,,,2945.0,4924.0,,12.0,,,0.0,,,3503.0,1503.0,516.0
2006,,67257.0,,,,,3.0,,,886.0,,91.0,0.0,,,,,,,,,,0.0,0.0,2.0,1.0,,161.0,414.0,922.0,20642.0,175.0,,0.0,0.0,,,,1.0,,,,0.0,,0.0,2.0,,54070.0,,2.0,,0.0,49.0,,3357.0,3242.0,0.0,37.0,0.0,,,,,,,,1939.0,,,,,1.0,,34.0,,870.0,,,,,,,,4929.0,,,0.0,,,0.0,,,,7.0,,,6306.0,25.0,0.0,4148.0,237.0,185.0,1232.0,2028.0,,3.0,1.0,,,,,236773.0,,,,66.0,,,,,,,,1.0,405.0,,30662.0,365.0,,2560.0,,,,926.0,,,1.0,18.0,0.0,,1668.0,1159.0,35.0,,,,,,,,14297.0,5194.0,,8.0,,,,,,0.0,5360.0,789.0
2007,,18422.0,,,,,3.0,,,365.0,,,,,,,,,,,,,,,1.0,,,168.0,8.0,10.0,28269.0,7785.0,,1555.0,,,,,2.0,1087.0,,,,,119.0,2.0,,24121.0,,4.0,,,32.0,,179.0,8546.0,12.0,153.0,,,,,,,,,2635.0,,19.0,4697.0,,1.0,,0.0,,1206.0,,,,,,169.0,,3063.0,,,,,,,,,,,,,2622.0,3.0,,475.0,0.0,14.0,24.0,1661.0,,,1.0,264.0,,,,178678.0,,,,0.0,,,,,,,,1.0,1453.0,,13731.0,3984.0,,2219.0,,41643.0,,90.0,,0.0,,0.0,178.0,,0.0,65.0,1428.0,,,,,,,,1609.0,276.0,0.0,7.0,,,1946.0,,,,2286.0,65.0
2008,4384.0,10511.0,,,,,,,,234.0,,985.0,0.0,,,,,,,,,,8.0,,1.0,,,174.0,7.0,0.0,30150.0,156.0,,4.0,,,,,,,1.0,,,,1.0,5.0,,3862.0,1.0,2.0,,2.0,8.0,,1223.0,513.0,1.0,14323.0,,,,,,,,1007.0,2680.0,,72.0,925.0,,,,,1.0,3091.0,,,,,,201.0,,1236.0,,,,,,,,1.0,,153.0,45.0,,9087.0,,,831.0,,3496.0,972.0,5410.0,,5.0,,,,,,190130.0,,,,,,,,,,,,,23.0,,17241.0,1283.0,,62.0,,1281.0,,119.0,,,,1.0,0.0,,,397.0,436.0,,,,,,,,2911.0,3726.0,,5.0,,,853.0,,,3907.0,2061.0,60055.0
2009,662.0,2019.0,,,,,,,,355.0,,74.0,,,,,,,,,,,15.0,,2.0,,,85.0,5.0,804.0,22899.0,93.0,,,,,,,,,,,,,,,,31509.0,,1.0,,,16.0,,1294.0,42.0,,5.0,,,,,,,,,,,,6.0,,,,,,11425.0,,39.0,,,,,,1070.0,,,,,,,,,,,,,19679.0,,,5751.0,187.0,159.0,,13691.0,,,,82.0,,,,221226.0,,,,,1957.0,,,,5.0,,,,67.0,,13681.0,4.0,,,,208.0,,,,,,19.0,,,67.0,218.0,315.0,,,,,,,,7700.0,1095.0,,10.0,,,471.0,,55.0,10520.0,4712.0,68153.0
2010,2369.0,1484.0,,,,,3.0,,,333.0,,983.0,,,,,,,,,,,,,2.0,,,157.0,32.0,10759.0,13884.0,,,,,,,,4.0,2047.0,,191.0,,,,,,1682.0,,,,,8.0,,438.0,,,,,,,,,179379.0,,,5155.0,,,2.0,,,,,,3188.0,,588.0,,1.0,,237.0,,1546.0,,,,,,,,1.0,,,,,7430.0,,,1155.0,443.0,,1154.0,44456.0,,,,1790.0,,,,317528.0,164.0,,,33.0,8997.0,,,,,,,3.0,,,,3.0,,,,3510.0,,,,,,,,,6395.0,72.0,1974.0,,,,,,,,4469.0,2341.0,,15.0,,,606.0,,300.0,,6794.0,951.0
2011,3733.0,1810.0,,,,,6.0,,,1072.0,,755.0,20.0,,,1.0,,,,1.0,3.0,,,117.0,9.0,,1.0,26.0,1261.0,22433.0,21700.0,762.0,,,,,,,4.0,127.0,,20851.0,,,,,,,,1.0,,,32.0,,10628.0,3.0,,,,,,,,340311.0,,,,,1187.0,,,,,12.0,,74.0,,,,3.0,,,,1146.0,,,,,,,,1.0,,2220.0,16.0,,1279.0,46.0,,120.0,586.0,,2324.0,23377.0,,,,12.0,,,,589854.0,527.0,,,120.0,1535.0,,,,,,,,,,,5.0,2.0,,,77636.0,,,,,1.0,,,,17267.0,4.0,279.0,,,,,,,,942.0,,33.0,42.0,,49.0,3.0,,31789.0,,330.0,1220.0
2012,12.0,1215.0,,,,,5.0,,,214.0,,625.0,143.0,,,1.0,,,,,,,,21.0,,,,77.0,424.0,363.0,33661.0,1181.0,,,,,417.0,,,,,7919.0,,,,,,,,,,,17.0,,9548.0,7350.0,,3068.0,,,,,,112076.0,,,,,53.0,4693.0,,,,3.0,,,,,,,,,,219.0,,,,,,,,2.0,,219.0,174.0,,647.0,,,187.0,282.0,,5284.0,597.0,,,,34.0,,,,245393.0,144.0,,,1864.0,,,,,,,,1.0,9.0,,,1.0,2.0,23124.0,,22576.0,,,,,,,,,,61.0,29.0,,,,,,,,286.0,6326.0,,18.0,,,,,,,198.0,23.0
2013,3957.0,6655.0,,,,,3.0,,,1557.0,,528.0,,,,,,,,,,,,,1.0,,2.0,53.0,56.0,29.0,26944.0,1624.0,,,,,181.0,,,,,1954.0,,,,,,,,,,,6.0,,50.0,319.0,,969.0,,,,,,58809.0,,,6008.0,,256.0,1.0,1.0,1.0,,8.0,,,,,,3.0,,,,92.0,,,,,,,,187.0,,23.0,33.0,,1869.0,,,,171.0,3.0,585.0,6600.0,,,,,,,,129067.0,1069.0,,,6.0,,,,,,,,,,,,,2.0,377.0,,6864.0,,,,,,,,,,166.0,8.0,,,,,,,,270.0,748.0,,14.0,,4.0,,,,1.0,,
2014,45481.0,213.0,,,,,2.0,,,582.0,,832.0,,,,,,,,,,,,,2.0,,1.0,24.0,235.0,3355.0,22203.0,,,,,,76.0,,1.0,,,603.0,,,,,,,,1.0,,,14.0,,28944.0,1.0,,11.0,,,,,,27753.0,,,4031.0,,,,,,,5.0,,35.0,,,,,,,,44.0,,,,,,,,14.0,,,400.0,,480.0,,,,134.0,485.0,2059.0,35996.0,,,,933.0,,,,190549.0,1218.0,,,4547.0,,,,,,,,1.0,,,,,2.0,,,2820.0,6421.0,,,,,,,,,262.0,12.0,,,,,,,,,309.0,,7.0,,,,,,,,
2015,58064.0,,,,,,2.0,,,442.0,,,,,8.0,,,,,,,,,,3.0,2.0,,13.0,199.0,124.0,19182.0,,,,,,65.0,,,,,546.0,,,,2.0,,,,1.0,,,15.0,,692.0,,,,,,,,,36045.0,,,889.0,,86.0,4965.0,,,,7.0,,13291.0,,,,,5.0,,,,,,,,,,,1.0,,,103.0,,8739.0,,,693.0,244.0,,51.0,5290.0,,,1.0,80.0,,,1.0,172454.0,,,,,,,,,,,,,,,,,,,,7536.0,1818.0,,,,1.0,,,,,35.0,125.0,,,,,,,,11563.0,1461.0,,4.0,,,,,,,,60.0
2016,677.0,78.0,,,,,1.0,,,434.0,,761.0,,,,,,,,,,,,,1.0,,,27.0,,,28093.0,15.0,,,,,,,1.0,,1.0,1159.0,,,,,,,,,,,19.0,,175.0,,,,,,,,,41421.0,,,841.0,,,,,,,10.0,,5866.0,,,,4.0,,,,,,,,,,,,,,,782.0,,883.0,,,1792.0,,,38.0,768.0,,1.0,,169.0,,,,132113.0,,,,124.0,,,,,,,,,355.0,,,,,,,15619.0,4295.0,,,,,,,,,,52.0,,,,,,,,11360.0,516.0,,14.0,,,,,15751.0,,,10.0
2017,33.0,828.0,,12.0,,,3.0,,,399.0,,11.0,,,,,,,,,,,,,4.0,,,14.0,,,56190.0,,,,,,,,,,,122.0,,,,,,,,,,,,,,,,,,,,,,13681.0,,,385.0,,,,,,,7.0,,4288.0,,,,5.0,,,,,,,,,,,,,,,,,5892.0,,,344.0,2.0,,,12174.0,,,,7.0,,,,1227391.0,,,,134.0,,,,,,5.0,,,,5.0,,,3.0,,,75414.0,16088.0,,,,,,,,1266.0,,8.0,,,,,,,,4895.0,252.0,,11.0,,,,,1032481.0,,1794.0,
2018,,1546.0,,,,,,,,92.0,,,,566.0,,,,,,,,,,,,,,,,1052.0,30768.0,60.0,,,,,,,,,,118.0,,,,,,,,,,,,,,,,,,,,,,3777.0,,,697.0,,7.0,3.0,,,,4.0,,5719.0,,,,2.0,,,,2.0,,,,,,,,1.0,,,,,910.0,,,812.0,165.0,,3900.0,45037.0,,,,7.0,,1.0,1.0,499447.0,,,,2102.0,,,,,,,,,,,,,2.0,,,6761.0,,,,,,,,,,,6.0,,,,,,,,4777.0,4440.0,,10.0,,,,,371326.0,,4082.0,10692.0
2019,2.0,,,,,,2.0,,,1145.0,,50.0,,503.0,,,,,,,,,,,,,,16.0,,1840.0,30304.0,,,,,,,,,,,13.0,,,,,,2615.0,,,,,,,1.0,,,,,,,,,720.0,,,,,2.0,,,,,5.0,,5208.0,,,,1.0,,,,,,,,,,,,,,,,,7010.0,,,23.0,81.0,,,2486.0,,,,,,,4.0,923037.0,,,,5491.0,,,,,,,,,,,346.0,,2.0,,,3100.0,,,,,,,,,93.0,,12.0,,,,,,,,,358.0,,,,,,,861096.0,,447.0,61.0
2020,,,,13.0,,,,,,277.0,,232.0,,212.0,,,,,,,,,,,2.0,,,11.0,,1890.0,19789.0,,,,,,,,,,,,,,,,,12226.0,,,,,,,,,,,,,,,,,,,70.0,,1.0,9.0,,,,1.0,,447.0,,48.0,,,,,,,,,,,,,,,,,,,3787.0,,,3.0,,,,596.0,,2.0,,,,,,323369.0,21.0,,,3.0,,,,,,,,,,,7.0,,,,,6414.0,,,,,,,,,,67.0,7.0,,,,,,,1.0,,1521.0,,,,,,,275712.0,,,
2021,4755.0,,,153.0,,,,,,11.0,,1298.0,3.0,477.0,2.0,,,,,,,,,,,,,5.0,12.0,728.0,12103.0,,,,,,,,,,,,,,,,,674.0,,,,,,,2.0,,,,,,,,,,,,,,,,,,,,,38.0,,26.0,,,,,,167.0,,,,,,,,,,12.0,,,5072.0,,,2.0,64.0,,5591.0,111062.0,,,,1609.0,,,5.0,223370.0,21.0,,,2019.0,,,,,,,,,74.0,,9.0,,,,,4342.0,,,,,,,,,,40.0,1.0,,,,,,,,54.0,173.0,,,,,,,72765.0,,,
